{"cameraMode":{"drawMode":0,"name":"Shaded","section":"Shading Mode"},"sceneLighting":true,"audioPlay":false,"sceneViewState":{"showFog":true,"showMaterialUpdate":true,"showSkybox":true,"showFlares":true,"showImageEffects":true,"showParticleSystems":true},"in2DMode":false,"pivot":{"x":148.99949645996095,"y":-129.12445068359376,"z":124.67218017578125},"rotation":{"x":-0.2679738402366638,"y":-0.40107184648513796,"z":0.12393713742494583,"w":-0.8671768307685852},"size":240.88162231445313,"orthographic":false}