{"cameraMode":{"drawMode":0,"name":"Shaded","section":"Shading Mode"},"sceneLighting":true,"audioPlay":false,"sceneViewState":{"showFog":true,"showMaterialUpdate":true,"showSkybox":true,"showFlares":true,"showImageEffects":true,"showParticleSystems":true},"in2DMode":false,"pivot":{"x":235.25509643554688,"y":-14.856553077697754,"z":10.633591651916504},"rotation":{"x":-0.03234908729791641,"y":-0.6894724369049072,"z":0.03084147348999977,"w":-0.7229474782943726},"size":240.88162231445313,"orthographic":false}